{
  "autolens_version": "2026.7.6.649",
  "device": {
    "backend": "cpu",
    "device": "TFRT_CPU_0",
    "xla_flags": "--xla_disable_hlo_passes=constant_folding",
    "omp_num_threads": "1",
    "cpu_count": 8
  },
  "instrument": "hst",
  "configuration": {
    "pixel_scale_arcsec": 0.05,
    "mask_radius_arcsec": 3.5,
    "image_pixels_masked": 15361,
    "over_sampled_pixels": 17980,
    "delaunay_vertices": 1500,
    "edge_zeroed_pixels": 0,
    "inversion_path": "dense"
  },
  "steps": {
    "Ray-trace data grid": 0.002923889999874518,
    "Ray-trace mesh grid": 0.000754400000005262,
    "Lens light images (pre-PSF)": 4.809999991266523e-05,
    "Blurred image (PSF convolution)": 0.0024762500001088484,
    "Profile-subtracted image": 0.00022619999981543515,
    "Inversion setup (steps 5-8 combined)": 3.913500949999798,
    "Data vector (D)": 0.05481417000009969,
    "Curvature matrix (F)": 4.233989429999928,
    "Regularization matrix (H)": 0.0470290000012028,
    "Regularized reconstruction": 1.683930590000091,
    "Mapped recon + log evidence": 0.13277568000012252
  },
  "total_step_by_step": 10.07246866000096
}