{
  "autolens_version": "2026.7.6.649",
  "device": {
    "backend": "cpu",
    "device": "TFRT_CPU_0"
  },
  "instrument": "hst",
  "configuration": {
    "pixel_scale_arcsec": 0.05,
    "mask_radius_arcsec": 3.5,
    "image_pixels_masked": 15361,
    "over_sampled_pixels": 17980,
    "delaunay_vertices": 1500,
    "edge_zeroed_pixels": 0,
    "inversion_path": "dense"
  },
  "steps": {
    "Ray-trace data grid": 0.00628249000001233,
    "Ray-trace mesh grid": 0.0012879300000349758,
    "Lens light images (pre-PSF)": 0.00011503999994602054,
    "Blurred image (PSF convolution)": 0.004919870000048831,
    "Profile-subtracted image": 0.00035958999997092177,
    "Inversion setup (steps 5-8 combined)": 7.867125010000018,
    "Data vector (D)": 0.059940420000020825,
    "Curvature matrix (F)": 14.157984959999885,
    "Regularization matrix (H)": 0.11233700000047975,
    "Regularized reconstruction": 5.588015050000104,
    "Mapped recon + log evidence": 0.47802646000000093
  },
  "total_step_by_step": 28.27639382000052
}