{
  "autolens_version": "2026.7.6.649",
  "device": {
    "backend": "cpu",
    "device": "TFRT_CPU_0"
  },
  "instrument": "hst",
  "configuration": {
    "pixel_scale_arcsec": 0.05,
    "mask_radius_arcsec": 3.5,
    "image_pixels_masked": 15361,
    "over_sampled_pixels": 17980,
    "delaunay_vertices": 1500,
    "edge_zeroed_pixels": 0,
    "inversion_path": "sparse"
  },
  "steps": {
    "Ray-trace data grid": 0.00853142999985721,
    "Ray-trace mesh grid": 0.0014031500000783125,
    "Lens light images (pre-PSF)": 9.000999998534098e-05,
    "Blurred image (PSF convolution)": 0.005658269999912591,
    "Profile-subtracted image": 0.00036670000008598436,
    "Inversion setup (steps 5-8 combined)": 9.719316350000009,
    "Data vector (D)": 0.08745625999999902,
    "Curvature matrix (F)": 17.112761450000107,
    "Regularization matrix (H)": 0.23827259999961825,
    "Regularized reconstruction": 5.675563379999948,
    "Mapped recon + log evidence": 0.5402096300000266
  },
  "total_step_by_step": 33.38962922999963
}