{
  "autolens_version": "2026.7.6.649",
  "device": {
    "backend": "gpu",
    "device": "cuda:0",
    "xla_flags": "--xla_disable_hlo_passes=constant_folding",
    "omp_num_threads": null,
    "cpu_count": 124,
    "nvidia_smi": "NVIDIA A100 80GB PCIe, 4709 MiB, 81920 MiB"
  },
  "instrument": "hst",
  "configuration": {
    "pixel_scale_arcsec": 0.05,
    "mask_radius_arcsec": 3.5,
    "image_pixels_masked": 15361,
    "over_sampled_pixels": 17980,
    "delaunay_vertices": 1500,
    "edge_zeroed_pixels": 0,
    "inversion_path": "sparse"
  },
  "steps": {
    "Ray-trace data grid": 0.00015994799996406074,
    "Ray-trace mesh grid": 0.00011522330005391268,
    "Lens light images (pre-PSF)": 7.366250001723529e-05,
    "Blurred image (PSF convolution)": 0.0006731299000421132,
    "Profile-subtracted image": 0.00011623330001384602,
    "Inversion setup (steps 5-8 combined)": 0.03962325540005622,
    "Data vector (D)": 0.0003264400000261958,
    "Curvature matrix (F)": 0.0048954911000691935,
    "Regularization matrix (H)": 0.0144903880000129,
    "Regularized reconstruction": 0.03275093279999055,
    "Mapped recon + log evidence": 0.0022801256000093417
  },
  "total_step_by_step": 0.09550482990025558
}