{
  "autolens_version": "2026.7.6.649",
  "device": {
    "backend": "cpu",
    "device": "TFRT_CPU_0"
  },
  "instrument": "hst",
  "configuration": {
    "pixel_scale_arcsec": 0.05,
    "mask_radius_arcsec": 3.5,
    "image_pixels_masked": 15361,
    "over_sampled_pixels": 17980,
    "linear_gaussians": 0,
    "inversion_path": "dense"
  },
  "steps": {
    "Ray-trace grids": 0.006818659999953525,
    "Mapping matrix": 0.3648602100000062,
    "Blurred mapping matrix": 0.5559780399998999,
    "Data vector (D)": 0.0018917500001407461,
    "Curvature matrix (F)": 0.012821450000046752,
    "Reconstruction (NNLS)": 0.0017450100000132806,
    "Mapped reconstructed image": 0.0011685100000249804,
    "Chi-squared & log likelihood": 0.0009180900000501424
  },
  "total_step_by_step": 0.9462017200001355
}