{
  "autolens_version": "2026.7.6.649",
  "device": {
    "backend": "gpu",
    "device": "cuda:0",
    "xla_flags": "--xla_disable_hlo_passes=constant_folding",
    "omp_num_threads": null,
    "cpu_count": 124,
    "nvidia_smi": "NVIDIA A100 80GB PCIe, 4645 MiB, 81920 MiB"
  },
  "instrument": "hst",
  "configuration": {
    "pixel_scale_arcsec": 0.05,
    "mask_radius_arcsec": 3.5,
    "image_pixels_masked": 15361,
    "over_sampled_pixels": 17980,
    "mesh_shape": [
      39,
      39
    ],
    "source_pixels": 1521,
    "inversion_path": "dense"
  },
  "steps": {
    "Ray-trace grids": 0.00015067610002006404,
    "Lens light images (pre-PSF)": 5.268260001685121e-05,
    "Blurred image (PSF convolution)": 0.0007426443999975163,
    "Profile-subtracted image": 0.0001132882999627327,
    "Overlay grid (source pixel centres)": 0.00010292930001014611,
    "Inversion setup (steps 4-8 combined)": 0.011578287100019225,
    "Data vector (D)": 0.00031442210001841886,
    "Curvature matrix (F)": 0.004852892399958364,
    "Regularization matrix (H)": 0.00013811220005663927,
    "Regularized reconstruction": 0.0372411424999882,
    "Mapped recon + log evidence": 0.0023399961999530207
  },
  "total_step_by_step": 0.05762707320000118
}