{
  "autolens_version": "2026.5.29.4",
  "device": {
    "backend": "cpu",
    "device": "TFRT_CPU_0"
  },
  "instrument": "hst",
  "configuration": {
    "pixel_scale_arcsec": 0.05,
    "mask_radius_arcsec": 3.5,
    "image_pixels_masked": 15361,
    "over_sampled_pixels": 17980,
    "mesh_shape": [
      39,
      39
    ],
    "source_pixels": 1521,
    "inversion_path": "sparse"
  },
  "steps": {
    "Ray-trace grids": 0.0021315399999934925,
    "Lens light images (pre-PSF)": 3.361000000268177e-05,
    "Blurred image (PSF convolution)": 0.0013700399999947877,
    "Profile-subtracted image": 0.00013484999999491265,
    "Overlay grid (source pixel centres)": 0.00034493000000566096,
    "Inversion setup (steps 4-8 combined)": 2.4640433900000063,
    "Data vector (D)": 0.01740134000000353,
    "Curvature matrix (F)": 4.174195410000005,
    "Regularization matrix (H)": 0.005102490000001581,
    "Regularized reconstruction": 1.9240377800000033,
    "Mapped recon + log evidence": 0.3468068399999993
  },
  "total_step_by_step": 8.93560222000001
}