{
  "autolens_version": "2026.7.6.649",
  "device": {
    "backend": "gpu",
    "device": "cuda:0",
    "xla_flags": "--xla_disable_hlo_passes=constant_folding",
    "omp_num_threads": null,
    "cpu_count": 124,
    "nvidia_smi": "NVIDIA A100 80GB PCIe, 4709 MiB, 81920 MiB"
  },
  "instrument": "hst",
  "configuration": {
    "pixel_scale_arcsec": 0.05,
    "mask_radius_arcsec": 3.5,
    "image_pixels_masked": 15361,
    "over_sampled_pixels": 17980,
    "mesh_shape": [
      39,
      39
    ],
    "source_pixels": 1521,
    "inversion_path": "sparse"
  },
  "steps": {
    "Ray-trace grids": 0.0001519421000011789,
    "Lens light images (pre-PSF)": 4.994759992769104e-05,
    "Blurred image (PSF convolution)": 0.0006980666999879759,
    "Profile-subtracted image": 0.00012471030004235217,
    "Overlay grid (source pixel centres)": 0.0001309291999859852,
    "Inversion setup (steps 4-8 combined)": 0.009859460000006948,
    "Data vector (D)": 0.00030537110005752767,
    "Curvature matrix (F)": 0.004806445700069162,
    "Regularization matrix (H)": 0.000127485200027877,
    "Regularized reconstruction": 0.036963547199957245,
    "Mapped recon + log evidence": 0.0023011826000583825
  },
  "total_step_by_step": 0.05551908770012232
}