{
  "autolens_version": "2026.7.6.649",
  "device": {
    "backend": "cpu",
    "device": "TFRT_CPU_0"
  },
  "instrument": "hst",
  "configuration": {
    "pixel_scale_arcsec": 0.05,
    "mask_radius_arcsec": 3.5,
    "image_pixels_masked": 15361,
    "over_sampled_pixels": 17980,
    "mesh_shape": [
      39,
      39
    ],
    "source_pixels": 1521,
    "inversion_path": "sparse"
  },
  "steps": {
    "Ray-trace grids": 0.005685869999979332,
    "Lens light images (pre-PSF)": 6.969999994907994e-05,
    "Blurred image (PSF convolution)": 0.006377109999993991,
    "Profile-subtracted image": 0.00018756999998004176,
    "Overlay grid (source pixel centres)": 0.0007498900000427966,
    "Inversion setup (steps 4-8 combined)": 6.307761570000002,
    "Data vector (D)": 0.042486810000082184,
    "Curvature matrix (F)": 11.774641900000097,
    "Regularization matrix (H)": 0.006689579999874695,
    "Regularized reconstruction": 7.0605987399998416,
    "Mapped recon + log evidence": 0.8067873600000894
  },
  "total_step_by_step": 26.012036099999936
}