{
  "autolens_version": "2026.7.6.649",
  "device": {
    "backend": "cpu",
    "device": "TFRT_CPU_0"
  },
  "instrument": "hst",
  "configuration": {
    "pixel_scale_arcsec": 0.05,
    "mask_radius_arcsec": 3.5,
    "image_pixels_masked": 15361,
    "over_sampled_pixels": 17980,
    "mesh_shape": [
      39,
      39
    ],
    "source_pixels": 1521,
    "inversion_path": "dense"
  },
  "steps": {
    "Ray-trace grids": 0.010503349999999046,
    "Lens light images (pre-PSF)": 7.499000003008405e-05,
    "Blurred image (PSF convolution)": 0.0056911400000899445,
    "Profile-subtracted image": 0.0003225300000849529,
    "Overlay grid (source pixel centres)": 0.0013024899999436457,
    "Inversion setup (steps 4-8 combined)": 9.52943281000007,
    "Data vector (D)": 0.11966245000003255,
    "Curvature matrix (F)": 13.803670710000006,
    "Regularization matrix (H)": 0.020195009999952163,
    "Regularized reconstruction": 4.118385149999995,
    "Mapped recon + log evidence": 0.47474846000004617
  },
  "total_step_by_step": 28.083989090000248
}