{
  "autolens_version": "2026.7.6.649",
  "device": {
    "backend": "cpu",
    "device": "TFRT_CPU_0",
    "xla_flags": "--xla_disable_hlo_passes=constant_folding",
    "omp_num_threads": "1",
    "cpu_count": 8
  },
  "instrument": "hst",
  "configuration": {
    "pixel_scale_arcsec": 0.05,
    "mask_radius_arcsec": 3.5,
    "image_pixels_masked": 15361,
    "over_sampled_pixels": 17980,
    "mesh_shape": [
      39,
      39
    ],
    "source_pixels": 1521,
    "inversion_path": "dense"
  },
  "steps": {
    "Ray-trace grids": 0.002827370000159135,
    "Lens light images (pre-PSF)": 6.536000000778586e-05,
    "Blurred image (PSF convolution)": 0.001444900000205962,
    "Profile-subtracted image": 0.00016214999996009283,
    "Overlay grid (source pixel centres)": 0.0003320800002256874,
    "Inversion setup (steps 4-8 combined)": 2.5466561199998976,
    "Data vector (D)": 0.022497959999964224,
    "Curvature matrix (F)": 4.172744299999977,
    "Regularization matrix (H)": 0.0029215799997473367,
    "Regularized reconstruction": 1.705186699999831,
    "Mapped recon + log evidence": 0.1941322399998171
  },
  "total_step_by_step": 8.648970759999793
}