{
  "autolens_version": "2026.7.9.1",
  "type": "group4_mge",
  "instrument": "hst",
  "configuration": {
    "grid_shape": [
      141,
      141
    ],
    "pixel_scales": 0.05,
    "mask_radius": 3.5,
    "psf_shape": [
      21,
      21
    ],
    "psf_sigma": 0.05,
    "n_lenses": 4,
    "n_sources": 4
  },
  "phases": {
    "setup_grids": 0.07588660000328673,
    "setup_psf_simulator": 0.00047959999938029796,
    "setup_tracer": 0.00021349999587982893,
    "via_tracer_from": 3.9271488999947906,
    "output_fits": 0.01205659999686759,
    "output_json": 0.007230600000184495,
    "output_preview_png": 0.25529739999910817
  }
}