{
  "autolens_version": "2026.5.14.2",
  "type": "group",
  "configuration": {
    "imaging_grid_shape": [
      250,
      250
    ],
    "solver_grid_shape": [
      500,
      500
    ],
    "pixel_scales": 0.1,
    "n_lens_galaxies": 1,
    "n_extra_galaxies": 2,
    "over_sample_centres": [
      [
        0.0,
        0.0
      ],
      [
        3.5,
        2.5
      ],
      [
        -4.4,
        -5.0
      ]
    ]
  },
  "phases": {
    "setup_grids": 0.07954849999805447,
    "setup_psf_simulator": 0.0005515000011655502,
    "setup_galaxies": 0.00010170000314246863,
    "setup_tracer": 1.4299999747890979e-05,
    "image_2d_eager": 4.194252299996151,
    "image_2d_jit_lower": 0.5941385999976774,
    "image_2d_jit_compile": 2.5175797999982024,
    "image_2d_jit_first_call": 0.2509931000022334,
    "image_2d_jit_steady_x10": 2.6661890999967,
    "via_tracer_from": 6.175662499997998,
    "solver_build": 0.015108600004168693,
    "solver_solve_eager": 3.149707099997613,
    "solver_jit_lower": 5.656075499995495,
    "solver_jit_compile": 3.4018075999993016,
    "solver_jit_first_call": 1.4166102000017418,
    "solver_jit_steady_x5": 7.9704707999990205,
    "output_fits": 0.015612499999406282,
    "output_json": 0.00489219999872148
  },
  "key_timings": {
    "image_2d_eager_s": 4.194252299996151,
    "via_tracer_from_s": 6.175662499997998,
    "solver_solve_eager_s": 3.149707099997613,
    "n_positions_found": 4
  }
}