{
  "autolens_version": "2026.7.6.649",
  "type": "imaging",
  "instrument": "ao",
  "configuration": {
    "grid_shape": [
      701,
      701
    ],
    "pixel_scales": 0.01,
    "mask_radius": 3.5,
    "psf_shape": [
      21,
      21
    ],
    "psf_sigma": 0.01,
    "over_sampling_sub_sizes": [
      32,
      8,
      2
    ]
  },
  "phases": {
    "setup_grids": 0.2753840000004857,
    "setup_psf_simulator": 0.0012709000002359971,
    "setup_galaxies": 0.0002521999995224178,
    "setup_tracer": 3.100000321865082e-05,
    "image_2d_eager": 62.49025940000138,
    "image_2d_jit_lower": 1.4338545999999042,
    "image_2d_jit_compile": 16.539460499996494,
    "image_2d_jit_first_call": 2.0223445999945397,
    "image_2d_jit_steady_x10": 20.191612900001928,
    "via_tracer_from": 61.91107889999694,
    "solver_build": 0.006048099996405654,
    "solver_solve_eager": 12.301066899999569,
    "output_fits": 0.0817901000045822,
    "output_lensed_source": 8.796761200006586,
    "output_json": 0.005589100001088809
  },
  "key_timings": {
    "image_2d_eager_s": 62.49025940000138,
    "via_tracer_from_s": 61.91107889999694,
    "solver_solve_eager_s": 12.301066899999569
  }
}