{
  "autolens_version": "2026.7.6.649",
  "type": "imaging",
  "instrument": "euclid",
  "configuration": {
    "grid_shape": [
      71,
      71
    ],
    "pixel_scales": 0.1,
    "mask_radius": 3.5,
    "psf_shape": [
      21,
      21
    ],
    "psf_sigma": 0.1,
    "over_sampling_sub_sizes": [
      32,
      8,
      2
    ]
  },
  "phases": {
    "setup_grids": 0.061925699999846984,
    "setup_psf_simulator": 0.0005141000001458451,
    "setup_galaxies": 8.140000136336312e-05,
    "setup_tracer": 1.1600001016631722e-05,
    "image_2d_eager": 0.3962143999997352,
    "image_2d_jit_lower": 0.47080600000117556,
    "image_2d_jit_compile": 0.3903323000013188,
    "image_2d_jit_first_call": 0.018089100001816405,
    "image_2d_jit_steady_x10": 0.16007420000096317,
    "via_tracer_from": 0.6722835999971721,
    "solver_build": 8.159999924828298e-05,
    "solver_solve_eager": 0.05072459999792045,
    "output_fits": 0.01322970000182977,
    "output_lensed_source": 0.03972860000067158,
    "output_json": 0.002425700000458164
  },
  "key_timings": {
    "image_2d_eager_s": 0.3962143999997352,
    "via_tracer_from_s": 0.6722835999971721,
    "solver_solve_eager_s": 0.05072459999792045
  }
}