{
  "autolens_version": "2026.5.14.2",
  "type": "imaging",
  "configuration": {
    "grid_shape": [
      100,
      100
    ],
    "pixel_scales": 0.1,
    "psf_sigma": 0.1,
    "over_sampling_sub_sizes": [
      32,
      8,
      2
    ]
  },
  "phases": {
    "setup_grids": 0.05911740000010468,
    "setup_psf_simulator": 0.0004247999968356453,
    "setup_galaxies": 7.550000009359792e-05,
    "setup_tracer": 3.4100001357728615e-05,
    "image_2d_eager": 0.7393139999985578,
    "image_2d_jit_lower": 0.3881279999986873,
    "image_2d_jit_compile": 0.5108349000001908,
    "image_2d_jit_first_call": 0.029664699999557342,
    "image_2d_jit_steady_x10": 0.27948019999894314,
    "via_tracer_from": 0.9828323000001546,
    "solver_build": 0.00011779999840655364,
    "solver_solve_eager": 0.11429250000219326,
    "output_fits": 0.012856699999247212,
    "output_json": 0.0037326999990909826
  },
  "key_timings": {
    "image_2d_eager_s": 0.7393139999985578,
    "via_tracer_from_s": 0.9828323000001546,
    "solver_solve_eager_s": 0.11429250000219326
  }
}