{
  "autolens_version": "2026.7.6.649",
  "type": "imaging",
  "instrument": "jwst",
  "configuration": {
    "grid_shape": [
      235,
      235
    ],
    "pixel_scales": 0.03,
    "mask_radius": 3.5,
    "psf_shape": [
      21,
      21
    ],
    "psf_sigma": 0.03,
    "over_sampling_sub_sizes": [
      32,
      8,
      2
    ]
  },
  "phases": {
    "setup_grids": 0.11200409999582916,
    "setup_psf_simulator": 0.0006447999985539354,
    "setup_galaxies": 9.809999755816534e-05,
    "setup_tracer": 1.4299999747890979e-05,
    "image_2d_eager": 6.223893200003658,
    "image_2d_jit_lower": 0.7545232999982545,
    "image_2d_jit_compile": 2.5191766999996617,
    "image_2d_jit_first_call": 0.33892979999654926,
    "image_2d_jit_steady_x10": 2.5647156000050018,
    "via_tracer_from": 6.176150300001609,
    "solver_build": 0.0008001000023796223,
    "solver_solve_eager": 1.0550566999954754,
    "output_fits": 0.020675200001278426,
    "output_lensed_source": 0.5573436000049696,
    "output_json": 0.0030834999997750856
  },
  "key_timings": {
    "image_2d_eager_s": 6.223893200003658,
    "via_tracer_from_s": 6.176150300001609,
    "solver_solve_eager_s": 1.0550566999954754
  }
}