{
  "autolens_version": "2026.5.21.1",
  "type": "interferometer",
  "instrument": "alma",
  "configuration": {
    "grid_shape": [
      800,
      800
    ],
    "pixel_scales": 0.05,
    "n_visibilities": 1000000,
    "uv_scale": 2000000.0,
    "noise_sigma": 100.0,
    "transformer": "TransformerNUFFT",
    "transformer_chunk_size": null
  },
  "phases": {
    "setup_grids": 0.04999840000027689,
    "setup_uv_wavelengths": 0.04470249999985754,
    "setup_simulator": 8.600000001024455e-06,
    "setup_galaxies": 8.720000005268957e-05,
    "setup_tracer": 1.0400000064691994e-05,
    "image_2d_eager": 46.72118610000007,
    "image_2d_jit_lower": 0.3565753000002587,
    "image_2d_jit_compile": 15.297302699999818,
    "image_2d_jit_first_call": 2.3265684999996665,
    "image_2d_jit_steady_x10": 22.31815090000009,
    "via_tracer_from": 20.266708000000108,
    "solver_build": 0.0035898000000997854,
    "solver_solve_eager": 7.817338299999847,
    "output_fits": 0.09393079999972542,
    "output_lensed_source": 7.178573499999857,
    "output_positions": 0.0003422999998292653,
    "output_tracer": 0.0012924000002385583
  },
  "key_timings": {
    "image_2d_eager_s": 46.72118610000007,
    "via_tracer_from_s": 20.266708000000108,
    "solver_solve_eager_s": 7.817338299999847
  }
}