{
  "autolens_version": "2026.5.14.2",
  "type": "interferometer",
  "configuration": {
    "grid_shape": [
      256,
      256
    ],
    "pixel_scales": 0.1,
    "n_visibilities": 100,
    "transformer": "TransformerDFT"
  },
  "phases": {
    "setup_grids": 0.026809799994225614,
    "setup_uv_wavelengths": 0.0001340000017080456,
    "setup_simulator": 1.85999961104244e-05,
    "setup_galaxies": 0.0005977000037091784,
    "setup_tracer": 2.8500006010290235e-05,
    "image_2d_eager": 15.745495000002848,
    "image_2d_jit_lower": 0.39590660000249045,
    "image_2d_jit_compile": 2.451927000001888,
    "image_2d_jit_first_call": 0.40281510000204435,
    "image_2d_jit_steady_x10": 3.157357400006731,
    "via_tracer_from": 2.026428900004248,
    "solver_build": 0.0006987000015215017,
    "solver_solve_eager": 1.2988429999968503,
    "output_fits": 0.011232900003960822,
    "output_json": 0.002529199999116827
  },
  "key_timings": {
    "image_2d_eager_s": 15.745495000002848,
    "via_tracer_from_s": 2.026428900004248,
    "solver_solve_eager_s": 1.2988429999968503
  }
}