{
  "autolens_version": "2026.7.6.649",
  "device": {
    "backend": "gpu",
    "device": "cuda:0",
    "xla_flags": "--xla_disable_hlo_passes=constant_folding",
    "omp_num_threads": null,
    "cpu_count": 124,
    "nvidia_smi": "NVIDIA A100 80GB PCIe, 33375 MiB, 81920 MiB"
  },
  "instrument": "alma_high",
  "model": "delaunay",
  "n_channels": 34,
  "dense_breakdown": false,
  "configuration": {
    "pixel_scale_arcsec": 0.025,
    "mask_radius_arcsec": 3.5,
    "real_space_shape": [
      800,
      800
    ],
    "visibilities_per_channel": 5000000,
    "hilbert_pixels": 1500,
    "delaunay_vertices": 1500,
    "edge_zeroed_pixels": 0,
    "regularization_coefficient": 1.0,
    "transformer_chunk_size": 1000000
  },
  "cube_log_evidence_eager": -2048327890.5681412,
  "log_evidence_per_channel_eager": [
    -60244937.95788653,
    -60244937.95788653,
    -60244937.95788653,
    -60244937.95788653,
    -60244937.95788653,
    -60244937.95788653,
    -60244937.95788653,
    -60244937.95788653,
    -60244937.95788653,
    -60244937.95788653,
    -60244937.95788653,
    -60244937.95788653,
    -60244937.95788653,
    -60244937.95788653,
    -60244937.95788653,
    -60244937.95788653,
    -60244937.95788653,
    -60244937.95788653,
    -60244937.95788653,
    -60244937.95788653,
    -60244937.95788653,
    -60244937.95788653,
    -60244937.95788653,
    -60244937.95788653,
    -60244937.95788653,
    -60244937.95788653,
    -60244937.95788653,
    -60244937.95788653,
    -60244937.95788653,
    -60244937.95788653,
    -60244937.95788653,
    -60244937.95788653,
    -60244937.95788653,
    -60244937.95788653
  ],
  "steps_cube_cost": {
    "Ray-trace data grid (shared)": 0.00013197309999668505,
    "Ray-trace mesh grid (shared)": 0.0001361580998491263,
    "Inversion setup, incl. NUFFT (per channel \u00d7 34)": 3.0903537686037454,
    "Data vector D, sparse (per channel \u00d7 34)": 0.02265050759924634,
    "Curvature matrix F, sparse (per channel \u00d7 34)": 3.1518002481978327,
    "Regularization matrix H (shared)": 0.0,
    "Reconstruction NNLS (per channel \u00d7 34)": 0.6901009749988589,
    "fast_chi_squared + log evidence (per channel \u00d7 34)": 0.077919228004248
  },
  "per_channel_costs": {
    "inversion_setup": 0.09089275790011016,
    "data_vector": 0.0006661913999778335,
    "curvature_matrix": 0.09270000729993626,
    "reconstruction": 0.020297087499966438,
    "log_evidence": 0.002291742000124941
  },
  "inversion_setup_decomposition": {
    "mapper_plus_L_invariant": 0.09131777300008252,
    "data_vector_matmul_variant": 0.0
  },
  "total_step_by_step_cube": 7.033092858603777,
  "shared_lwl_savings_estimate": 3.0591002408978967,
  "shared_invariant_savings_estimate": 6.07258674990062
}