{
  "autolens_version": "2026.7.6.649",
  "device": {
    "backend": "gpu",
    "device": "cuda:0",
    "xla_flags": "--xla_disable_hlo_passes=constant_folding",
    "omp_num_threads": null,
    "cpu_count": 124,
    "nvidia_smi": "NVIDIA A100 80GB PCIe, 33375 MiB, 81920 MiB"
  },
  "instrument": "alma_high",
  "model": "delaunay",
  "n_channels": 34,
  "dense_breakdown": false,
  "configuration": {
    "pixel_scale_arcsec": 0.025,
    "mask_radius_arcsec": 3.5,
    "real_space_shape": [
      800,
      800
    ],
    "visibilities_per_channel": 5000000,
    "hilbert_pixels": 1500,
    "delaunay_vertices": 1500,
    "edge_zeroed_pixels": 0,
    "regularization_coefficient": 1.0,
    "transformer_chunk_size": 1000000
  },
  "cube_log_evidence_eager": -2048327890.5799994,
  "log_evidence_per_channel_eager": [
    -60244937.9582353,
    -60244937.9582353,
    -60244937.9582353,
    -60244937.9582353,
    -60244937.9582353,
    -60244937.9582353,
    -60244937.9582353,
    -60244937.9582353,
    -60244937.9582353,
    -60244937.9582353,
    -60244937.9582353,
    -60244937.9582353,
    -60244937.9582353,
    -60244937.9582353,
    -60244937.9582353,
    -60244937.9582353,
    -60244937.9582353,
    -60244937.9582353,
    -60244937.9582353,
    -60244937.9582353,
    -60244937.9582353,
    -60244937.9582353,
    -60244937.9582353,
    -60244937.9582353,
    -60244937.9582353,
    -60244937.9582353,
    -60244937.9582353,
    -60244937.9582353,
    -60244937.9582353,
    -60244937.9582353,
    -60244937.9582353,
    -60244937.9582353,
    -60244937.9582353,
    -60244937.9582353
  ],
  "steps_cube_cost": {
    "Ray-trace data grid (shared)": 0.00013103119999868795,
    "Ray-trace mesh grid (shared)": 0.00017612669998925412,
    "Inversion setup, incl. NUFFT (per channel \u00d7 34)": 3.1698899924002033,
    "Data vector D, sparse (per channel \u00d7 34)": 0.015085351203379106,
    "Curvature matrix F, sparse (per channel \u00d7 34)": 3.1523015747978205,
    "Regularization matrix H (shared)": 0.0,
    "Reconstruction NNLS (per channel \u00d7 34)": 0.6942325224015804,
    "fast_chi_squared + log evidence (per channel \u00d7 34)": 0.07882488259565434
  },
  "per_channel_costs": {
    "inversion_setup": 0.09323205860000598,
    "data_vector": 0.00044368680009938545,
    "curvature_matrix": 0.0927147521999359,
    "reconstruction": 0.02041860360004648,
    "log_evidence": 0.0023183788998721866
  },
  "inversion_setup_decomposition": {
    "mapper_plus_L_invariant": 0.09144079910001893,
    "data_vector_matmul_variant": 0.0017912594999870551
  },
  "total_step_by_step_cube": 7.110641481298626,
  "shared_lwl_savings_estimate": 3.059586822597885,
  "shared_invariant_savings_estimate": 6.077133192898509
}